{"cameraMode":{"drawMode":0,"name":"Shaded","section":"Shading Mode"},"sceneLighting":true,"audioPlay":false,"sceneViewState":{"showFog":true,"showMaterialUpdate":false,"showSkybox":true,"showFlares":true,"showImageEffects":true,"showParticleSystems":true},"in2DMode":false,"pivot":{"x":2.116820812225342,"y":3.8300063610076906,"z":-3.407360553741455},"rotation":{"x":0.17975424230098725,"y":-0.18115974962711335,"z":0.0337611585855484,"w":0.966424286365509},"size":4.46382999420166,"orthographic":false}